id,firstname,lastname,email,profession
500,Alisha,Hull,Alisha.Hull@yopmail.com,doctor
501,Roz,Mandler,Roz.Mandler@yopmail.com,police officer
502,Elvira,Bennie,Elvira.Bennie@yopmail.com,firefighter
503,Donetta,Tremayne,Donetta.Tremayne@yopmail.com,police officer
504,Wilma,Buttaro,Wilma.Buttaro@yopmail.com,firefighter
505,Olivette,Stav,Olivette.Stav@yopmail.com,doctor
506,Ebonee,Christine,Ebonee.Christine@yopmail.com,doctor
507,Zondra,Vorster,Zondra.Vorster@yopmail.com,doctor
508,Paule,Johnsson,Paule.Johnsson@yopmail.com,developer
509,Carmela,Ioab,Carmela.Ioab@yopmail.com,doctor
510,Kristina,Arley,Kristina.Arley@yopmail.com,developer
511,Giustina,Publia,Giustina.Publia@yopmail.com,developer
512,Jackie,Liva,Jackie.Liva@yopmail.com,firefighter
513,Wendi,Demitria,Wendi.Demitria@yopmail.com,firefighter
514,Ida,Vale,Ida.Vale@yopmail.com,doctor
515,Fernande,Gilbertson,Fernande.Gilbertson@yopmail.com,firefighter
516,Sindee,Darbie,Sindee.Darbie@yopmail.com,doctor
517,Bobinette,Astra,Bobinette.Astra@yopmail.com,developer
518,Hermione,Hoenack,Hermione.Hoenack@yopmail.com,firefighter
519,Lizzie,Emmy,Lizzie.Emmy@yopmail.com,developer
520,Melodie,Serilda,Melodie.Serilda@yopmail.com,police officer
521,Violet,Louanna,Violet.Louanna@yopmail.com,firefighter
522,Gertrud,Dowski,Gertrud.Dowski@yopmail.com,doctor
523,Zsa Zsa,Flyn,Zsa Zsa.Flyn@yopmail.com,worker
524,Di,Krystle,Di.Krystle@yopmail.com,police officer
525,Frank,Claudine,Frank.Claudine@yopmail.com,developer
526,Jenda,Phaidra,Jenda.Phaidra@yopmail.com,developer
527,Tersina,Greenwald,Tersina.Greenwald@yopmail.com,developer
528,Sarette,Pandolfi,Sarette.Pandolfi@yopmail.com,developer
529,Chastity,Phi,Chastity.Phi@yopmail.com,doctor
530,Winny,Chaing,Winny.Chaing@yopmail.com,developer
531,Gerianna,Santoro,Gerianna.Santoro@yopmail.com,developer
532,Shaylyn,Cottle,Shaylyn.Cottle@yopmail.com,developer
533,Ottilie,Olympium,Ottilie.Olympium@yopmail.com,firefighter
534,Madeleine,Poppy,Madeleine.Poppy@yopmail.com,firefighter
535,Cindelyn,Felecia,Cindelyn.Felecia@yopmail.com,developer
536,Sonni,Monk,Sonni.Monk@yopmail.com,developer
537,Millie,Wesle,Millie.Wesle@yopmail.com,doctor
538,Albertina,Odysseus,Albertina.Odysseus@yopmail.com,police officer
539,Ana,Eldrid,Ana.Eldrid@yopmail.com,doctor
540,Consuela,Peg,Consuela.Peg@yopmail.com,developer
541,Krystle,Lytton,Krystle.Lytton@yopmail.com,developer
542,Brandise,Kress,Brandise.Kress@yopmail.com,developer
543,Sherrie,Annice,Sherrie.Annice@yopmail.com,doctor
544,Nollie,Olympium,Nollie.Olympium@yopmail.com,developer
545,Briney,Seumas,Briney.Seumas@yopmail.com,firefighter
546,Michaelina,Mallon,Michaelina.Mallon@yopmail.com,worker
547,Kathy,Mandler,Kathy.Mandler@yopmail.com,firefighter
548,Aubrie,Delila,Aubrie.Delila@yopmail.com,developer
549,Almeta,Suk,Almeta.Suk@yopmail.com,developer
550,Tina,Riva,Tina.Riva@yopmail.com,developer
551,Georgetta,Christal,Georgetta.Christal@yopmail.com,worker
552,Rayna,Jeanne,Rayna.Jeanne@yopmail.com,firefighter
553,Ileana,Merna,Ileana.Merna@yopmail.com,firefighter
554,Adelle,Hewitt,Adelle.Hewitt@yopmail.com,police officer
555,Addia,Diogenes,Addia.Diogenes@yopmail.com,developer
556,Deloria,Briney,Deloria.Briney@yopmail.com,police officer
557,Anica,Longfellow,Anica.Longfellow@yopmail.com,firefighter
558,Vere,Wittie,Vere.Wittie@yopmail.com,developer
559,Karly,Regan,Karly.Regan@yopmail.com,police officer
560,Edee,Estella,Edee.Estella@yopmail.com,police officer
561,Angelique,Merat,Angelique.Merat@yopmail.com,worker
562,Brianna,Meli,Brianna.Meli@yopmail.com,worker
563,Sue,Drus,Sue.Drus@yopmail.com,police officer
564,Willetta,Granoff,Willetta.Granoff@yopmail.com,police officer
565,Clary,Alisia,Clary.Alisia@yopmail.com,police officer
566,Celisse,Payson,Celisse.Payson@yopmail.com,developer
567,Libbie,Dalli,Libbie.Dalli@yopmail.com,police officer
568,Adele,Vale,Adele.Vale@yopmail.com,doctor
569,Asia,Rogerio,Asia.Rogerio@yopmail.com,developer
570,Sean,Hilbert,Sean.Hilbert@yopmail.com,doctor
571,Jinny,Ax,Jinny.Ax@yopmail.com,doctor
572,Magdalena,Loring,Magdalena.Loring@yopmail.com,doctor
573,Lesly,Lorain,Lesly.Lorain@yopmail.com,firefighter
574,Cathie,Morgun,Cathie.Morgun@yopmail.com,doctor
575,Alyda,Pulsifer,Alyda.Pulsifer@yopmail.com,doctor
576,Hannis,Desai,Hannis.Desai@yopmail.com,doctor
577,Ezmeralda,Pandolfi,Ezmeralda.Pandolfi@yopmail.com,police officer
578,Caritta,Isacco,Caritta.Isacco@yopmail.com,firefighter
579,Lolita,Carolin,Lolita.Carolin@yopmail.com,police officer
580,Jeanna,Tatianas,Jeanna.Tatianas@yopmail.com,doctor
581,Mariele,Tiffa,Mariele.Tiffa@yopmail.com,firefighter
582,Lory,Roscoe,Lory.Roscoe@yopmail.com,worker
583,Ardys,Callista,Ardys.Callista@yopmail.com,doctor
584,Amii,Pond,Amii.Pond@yopmail.com,police officer
585,Kalina,Darian,Kalina.Darian@yopmail.com,developer
586,Caressa,Dowski,Caressa.Dowski@yopmail.com,developer
587,Ericka,Lail,Ericka.Lail@yopmail.com,firefighter
588,Jere,Dyche,Jere.Dyche@yopmail.com,police officer
589,Dorene,Faust,Dorene.Faust@yopmail.com,police officer
590,Ivett,Miru,Ivett.Miru@yopmail.com,doctor
591,Nerta,Dalli,Nerta.Dalli@yopmail.com,developer
592,Amelia,Swigart,Amelia.Swigart@yopmail.com,police officer
593,Oralee,Bultman,Oralee.Bultman@yopmail.com,worker
594,Harmonia,Darian,Harmonia.Darian@yopmail.com,doctor
595,Frank,Taima,Frank.Taima@yopmail.com,police officer
596,Dominga,Lunsford,Dominga.Lunsford@yopmail.com,developer
597,Marita,Jethro,Marita.Jethro@yopmail.com,police officer
598,Lory,Louanna,Lory.Louanna@yopmail.com,developer
599,Vivia,Tiffa,Vivia.Tiffa@yopmail.com,doctor
600,Peri,Atcliffe,Peri.Atcliffe@yopmail.com,developer
601,Laurene,Maryanne,Laurene.Maryanne@yopmail.com,developer
602,Natka,Doig,Natka.Doig@yopmail.com,firefighter
603,Tonia,Carbo,Tonia.Carbo@yopmail.com,firefighter
604,Tressa,Kiersten,Tressa.Kiersten@yopmail.com,firefighter
605,Briney,Smitt,Briney.Smitt@yopmail.com,doctor
606,Johna,Therine,Johna.Therine@yopmail.com,developer
607,Georgetta,Bach,Georgetta.Bach@yopmail.com,firefighter
608,Leanna,Sparhawk,Leanna.Sparhawk@yopmail.com,doctor
609,Hildegaard,Garlinda,Hildegaard.Garlinda@yopmail.com,police officer
610,Dione,Norrie,Dione.Norrie@yopmail.com,firefighter
611,Marline,Cynar,Marline.Cynar@yopmail.com,worker
612,Corry,Medrek,Corry.Medrek@yopmail.com,doctor
613,Alexine,Melleta,Alexine.Melleta@yopmail.com,worker
614,Heddie,Blake,Heddie.Blake@yopmail.com,firefighter
615,Winifred,Zina,Winifred.Zina@yopmail.com,doctor
616,Annaliese,Goth,Annaliese.Goth@yopmail.com,developer
617,Amii,Hull,Amii.Hull@yopmail.com,firefighter
618,Cissiee,Sammons,Cissiee.Sammons@yopmail.com,worker
619,Violet,Suk,Violet.Suk@yopmail.com,police officer
620,Bee,Gusella,Bee.Gusella@yopmail.com,developer
621,Regina,Isidore,Regina.Isidore@yopmail.com,doctor
622,Frank,Gualtiero,Frank.Gualtiero@yopmail.com,developer
623,Clarice,Suzetta,Clarice.Suzetta@yopmail.com,doctor
624,Mady,Melan,Mady.Melan@yopmail.com,firefighter
625,Jere,Berne,Jere.Berne@yopmail.com,doctor
626,Katuscha,Sperling,Katuscha.Sperling@yopmail.com,developer
627,Jaime,Marcellus,Jaime.Marcellus@yopmail.com,doctor
628,Rozele,LaRue,Rozele.LaRue@yopmail.com,police officer
629,Ursulina,Suk,Ursulina.Suk@yopmail.com,police officer
630,Brianna,Seagraves,Brianna.Seagraves@yopmail.com,worker
631,Gwenneth,Stuart,Gwenneth.Stuart@yopmail.com,doctor
632,Netty,Schalles,Netty.Schalles@yopmail.com,firefighter
633,Mariann,Justinn,Mariann.Justinn@yopmail.com,developer
634,Letizia,Kaja,Letizia.Kaja@yopmail.com,developer
635,Vonny,Brandice,Vonny.Brandice@yopmail.com,worker
636,Dominga,Cottle,Dominga.Cottle@yopmail.com,firefighter
637,Cindelyn,Berne,Cindelyn.Berne@yopmail.com,developer
638,Gilligan,Charity,Gilligan.Charity@yopmail.com,worker
639,Lory,Haymes,Lory.Haymes@yopmail.com,police officer
640,Gwenneth,Jenness,Gwenneth.Jenness@yopmail.com,worker
641,Louella,Joeann,Louella.Joeann@yopmail.com,developer
642,Dede,Norvol,Dede.Norvol@yopmail.com,police officer
643,Lyssa,Shields,Lyssa.Shields@yopmail.com,developer
644,Verla,Adore,Verla.Adore@yopmail.com,worker
645,Madelle,Hollingsworth,Madelle.Hollingsworth@yopmail.com,developer
646,Zaria,Hepsibah,Zaria.Hepsibah@yopmail.com,worker
647,Annaliese,Serilda,Annaliese.Serilda@yopmail.com,firefighter
648,Katharina,Cressida,Katharina.Cressida@yopmail.com,firefighter
649,Nelle,Grimbly,Nelle.Grimbly@yopmail.com,doctor
650,Emmey,Martguerita,Emmey.Martguerita@yopmail.com,doctor
651,Benita,Bearnard,Benita.Bearnard@yopmail.com,doctor
652,Kamilah,Fiester,Kamilah.Fiester@yopmail.com,doctor
653,Alie,Ephrem,Alie.Ephrem@yopmail.com,doctor
654,Aimil,Wu,Aimil.Wu@yopmail.com,developer
655,Yolane,Sawtelle,Yolane.Sawtelle@yopmail.com,developer
656,Sonni,Taima,Sonni.Taima@yopmail.com,firefighter
657,Jean,Grosz,Jean.Grosz@yopmail.com,developer
658,Stephanie,Uird,Stephanie.Uird@yopmail.com,doctor
659,Korrie,Milde,Korrie.Milde@yopmail.com,police officer
660,Correy,Fancie,Correy.Fancie@yopmail.com,police officer
661,Coral,Wildermuth,Coral.Wildermuth@yopmail.com,firefighter
662,Sherrie,Weitman,Sherrie.Weitman@yopmail.com,developer
663,Gloria,Marisa,Gloria.Marisa@yopmail.com,worker
664,Tobe,Fax,Tobe.Fax@yopmail.com,worker
665,Tami,Zola,Tami.Zola@yopmail.com,firefighter
666,Elora,Jagir,Elora.Jagir@yopmail.com,police officer
667,Micheline,Ruvolo,Micheline.Ruvolo@yopmail.com,firefighter
668,Ayn,Randene,Ayn.Randene@yopmail.com,doctor
669,Eadie,Montgomery,Eadie.Montgomery@yopmail.com,firefighter
670,Lily,Regan,Lily.Regan@yopmail.com,worker
671,Lily,Cleo,Lily.Cleo@yopmail.com,doctor
672,Arabel,Magdalen,Arabel.Magdalen@yopmail.com,firefighter
673,Queenie,Vale,Queenie.Vale@yopmail.com,firefighter
674,Bettine,Dominy,Bettine.Dominy@yopmail.com,police officer
675,Moyna,Gillan,Moyna.Gillan@yopmail.com,doctor
676,Jaime,Leffen,Jaime.Leffen@yopmail.com,developer
677,Melanie,Lipson,Melanie.Lipson@yopmail.com,police officer
678,Tabbatha,Irmine,Tabbatha.Irmine@yopmail.com,doctor
679,Caritta,Truc,Caritta.Truc@yopmail.com,firefighter
680,Vevay,Georgy,Vevay.Georgy@yopmail.com,worker
681,Ilse,Dowski,Ilse.Dowski@yopmail.com,worker
682,Fredericka,Haerr,Fredericka.Haerr@yopmail.com,worker
683,Sophia,Lindemann,Sophia.Lindemann@yopmail.com,police officer
684,Sadie,Atonsah,Sadie.Atonsah@yopmail.com,police officer
685,Roz,Nadia,Roz.Nadia@yopmail.com,police officer
686,Dyann,Hutchison,Dyann.Hutchison@yopmail.com,doctor
687,Barbi,Simmonds,Barbi.Simmonds@yopmail.com,worker
688,Collen,Krystle,Collen.Krystle@yopmail.com,firefighter
689,Clo,Terrence,Clo.Terrence@yopmail.com,firefighter
690,Ginnie,Screens,Ginnie.Screens@yopmail.com,firefighter
691,Corina,Virgin,Corina.Virgin@yopmail.com,developer
692,Lynea,Gaspard,Lynea.Gaspard@yopmail.com,worker
693,Pamella,Kazimir,Pamella.Kazimir@yopmail.com,police officer
694,Norine,Rhu,Norine.Rhu@yopmail.com,developer
695,Rozele,Kinnard,Rozele.Kinnard@yopmail.com,firefighter
696,Pollyanna,Khorma,Pollyanna.Khorma@yopmail.com,developer
697,Linzy,Johnsson,Linzy.Johnsson@yopmail.com,developer
698,Misha,Lunsford,Misha.Lunsford@yopmail.com,firefighter
699,Tabbatha,Leary,Tabbatha.Leary@yopmail.com,worker
700,Kirbee,Melleta,Kirbee.Melleta@yopmail.com,worker
701,Demetris,Odell,Demetris.Odell@yopmail.com,developer
702,Teddie,Zuzana,Teddie.Zuzana@yopmail.com,firefighter
703,Fred,Darbie,Fred.Darbie@yopmail.com,police officer
704,Ekaterina,O'Neill,Ekaterina.O'Neill@yopmail.com,doctor
705,Trudie,Schenck,Trudie.Schenck@yopmail.com,doctor
706,Jasmina,Read,Jasmina.Read@yopmail.com,police officer
707,Heida,Arne,Heida.Arne@yopmail.com,police officer
708,Starla,Janith,Starla.Janith@yopmail.com,police officer
709,Reeba,Boycey,Reeba.Boycey@yopmail.com,developer
710,Mara,Vacuva,Mara.Vacuva@yopmail.com,doctor
711,Blinni,Ricarda,Blinni.Ricarda@yopmail.com,firefighter
712,Kial,Mendez,Kial.Mendez@yopmail.com,doctor
713,Gilligan,Iiette,Gilligan.Iiette@yopmail.com,firefighter
714,Averyl,Kesley,Averyl.Kesley@yopmail.com,worker
715,Shell,Dorothy,Shell.Dorothy@yopmail.com,doctor
716,Rani,Iaverne,Rani.Iaverne@yopmail.com,firefighter
717,Lacie,Diann,Lacie.Diann@yopmail.com,developer
718,Corly,Garbe,Corly.Garbe@yopmail.com,firefighter
719,Beatriz,Bivins,Beatriz.Bivins@yopmail.com,doctor
720,Trudie,Sidonius,Trudie.Sidonius@yopmail.com,firefighter
721,Jasmina,Roarke,Jasmina.Roarke@yopmail.com,worker
722,Vere,Kermit,Vere.Kermit@yopmail.com,doctor
723,Florencia,Kannry,Florencia.Kannry@yopmail.com,doctor
724,Ilse,Dorine,Ilse.Dorine@yopmail.com,developer
725,Bernie,Grobe,Bernie.Grobe@yopmail.com,worker
726,Antonietta,Elephus,Antonietta.Elephus@yopmail.com,doctor
727,Linet,Olnee,Linet.Olnee@yopmail.com,worker
728,Dorice,Mata,Dorice.Mata@yopmail.com,police officer
729,Teriann,Goth,Teriann.Goth@yopmail.com,worker
730,Sadie,Kamaria,Sadie.Kamaria@yopmail.com,worker
731,Viviene,Herrera,Viviene.Herrera@yopmail.com,doctor
732,Annecorinne,Flyn,Annecorinne.Flyn@yopmail.com,developer
733,Nikki,Leopold,Nikki.Leopold@yopmail.com,police officer
734,Roberta,Marijo,Roberta.Marijo@yopmail.com,developer
735,Allis,Alcott,Allis.Alcott@yopmail.com,developer
736,Pamella,Corabella,Pamella.Corabella@yopmail.com,doctor
737,Nikki,Tristram,Nikki.Tristram@yopmail.com,doctor
738,Tani,Chinua,Tani.Chinua@yopmail.com,police officer
739,Maye,Magnolia,Maye.Magnolia@yopmail.com,doctor
740,Daryl,Turne,Daryl.Turne@yopmail.com,doctor
741,Lenna,Hathaway,Lenna.Hathaway@yopmail.com,police officer
742,Rosene,Ellerey,Rosene.Ellerey@yopmail.com,worker
743,Gisela,Bonucci,Gisela.Bonucci@yopmail.com,developer
744,Paulita,Kirstin,Paulita.Kirstin@yopmail.com,firefighter
745,Ivett,Felecia,Ivett.Felecia@yopmail.com,worker
746,Annaliese,Ellerey,Annaliese.Ellerey@yopmail.com,worker
747,Leeanne,Wattenberg,Leeanne.Wattenberg@yopmail.com,worker
748,Karlee,Graig,Karlee.Graig@yopmail.com,doctor
749,Leontine,Papageno,Leontine.Papageno@yopmail.com,developer
750,Karena,Brunell,Karena.Brunell@yopmail.com,firefighter
751,Leontine,Presber,Leontine.Presber@yopmail.com,doctor
752,Ruthe,Keily,Ruthe.Keily@yopmail.com,developer
753,Genovera,Simmonds,Genovera.Simmonds@yopmail.com,developer
754,Liana,Elephus,Liana.Elephus@yopmail.com,firefighter
755,Ezmeralda,Erskine,Ezmeralda.Erskine@yopmail.com,firefighter
756,Georgina,Ulphia,Georgina.Ulphia@yopmail.com,developer
757,Celestyna,Behre,Celestyna.Behre@yopmail.com,worker
758,Jordan,Peti,Jordan.Peti@yopmail.com,developer
759,Wileen,Karl,Wileen.Karl@yopmail.com,doctor
760,Luci,Greenwald,Luci.Greenwald@yopmail.com,developer
761,Arlina,Tjon,Arlina.Tjon@yopmail.com,worker
762,Janey,Dudley,Janey.Dudley@yopmail.com,firefighter
763,Bibby,Vernier,Bibby.Vernier@yopmail.com,police officer
764,Gloria,Wenda,Gloria.Wenda@yopmail.com,doctor
765,Antonietta,Screens,Antonietta.Screens@yopmail.com,worker
766,Mady,Fredi,Mady.Fredi@yopmail.com,firefighter
767,Paulita,Hepsibah,Paulita.Hepsibah@yopmail.com,worker
768,Stephanie,Tound,Stephanie.Tound@yopmail.com,police officer
769,Rosabelle,Pascia,Rosabelle.Pascia@yopmail.com,developer
770,Steffane,Ajay,Steffane.Ajay@yopmail.com,worker
771,Elmira,Ariella,Elmira.Ariella@yopmail.com,doctor
772,Roberta,Schroth,Roberta.Schroth@yopmail.com,developer
773,Kayla,Gherardo,Kayla.Gherardo@yopmail.com,worker
774,Jasmina,Fancie,Jasmina.Fancie@yopmail.com,worker
775,Katuscha,Bryna,Katuscha.Bryna@yopmail.com,developer
776,Brianna,Kirbee,Brianna.Kirbee@yopmail.com,police officer
777,Elsie,Malina,Elsie.Malina@yopmail.com,developer
778,Natka,Harl,Natka.Harl@yopmail.com,doctor
779,Cherrita,Autrey,Cherrita.Autrey@yopmail.com,police officer
780,Charissa,Elsinore,Charissa.Elsinore@yopmail.com,firefighter
781,Ezmeralda,Lorenz,Ezmeralda.Lorenz@yopmail.com,developer
782,Beverley,Francene,Beverley.Francene@yopmail.com,doctor
783,Elka,Olin,Elka.Olin@yopmail.com,doctor
784,Jenda,Ralfston,Jenda.Ralfston@yopmail.com,worker
785,Allis,Brady,Allis.Brady@yopmail.com,developer
786,Dulcinea,Jerald,Dulcinea.Jerald@yopmail.com,police officer
787,Giustina,Peg,Giustina.Peg@yopmail.com,firefighter
788,Joy,Sidonius,Joy.Sidonius@yopmail.com,doctor
789,Gloria,McGrody,Gloria.McGrody@yopmail.com,police officer
790,Aryn,Erskine,Aryn.Erskine@yopmail.com,police officer
791,Etta,Colbert,Etta.Colbert@yopmail.com,worker
792,Camile,Bakerman,Camile.Bakerman@yopmail.com,firefighter
793,Gavrielle,Hessler,Gavrielle.Hessler@yopmail.com,developer
794,Talya,Bennie,Talya.Bennie@yopmail.com,firefighter
795,Gloria,Hazlett,Gloria.Hazlett@yopmail.com,police officer
796,Cam,Swigart,Cam.Swigart@yopmail.com,developer
797,Ellette,Kiyoshi,Ellette.Kiyoshi@yopmail.com,firefighter
798,Marjie,Talia,Marjie.Talia@yopmail.com,police officer
799,Collen,Daegal,Collen.Daegal@yopmail.com,developer
800,Chickie,Damarra,Chickie.Damarra@yopmail.com,developer
801,Lorenza,Ahab,Lorenza.Ahab@yopmail.com,firefighter
802,Albertina,Gower,Albertina.Gower@yopmail.com,firefighter
803,Ronna,Connelly,Ronna.Connelly@yopmail.com,firefighter
804,Olwen,Atcliffe,Olwen.Atcliffe@yopmail.com,police officer
805,Feliza,Paine,Feliza.Paine@yopmail.com,developer
806,Tori,Leffen,Tori.Leffen@yopmail.com,worker
807,Audrie,Bevin,Audrie.Bevin@yopmail.com,doctor
808,Gerrie,Love,Gerrie.Love@yopmail.com,developer
809,Ardenia,Barrus,Ardenia.Barrus@yopmail.com,doctor
810,Alie,Gilmour,Alie.Gilmour@yopmail.com,police officer
811,Konstance,Ventre,Konstance.Ventre@yopmail.com,firefighter
812,Zondra,Chesna,Zondra.Chesna@yopmail.com,firefighter
813,Phedra,Valoniah,Phedra.Valoniah@yopmail.com,firefighter
814,Briney,Hourigan,Briney.Hourigan@yopmail.com,worker
815,Marleah,Clywd,Marleah.Clywd@yopmail.com,developer
816,Edith,Dash,Edith.Dash@yopmail.com,developer
817,Addia,Harday,Addia.Harday@yopmail.com,worker
818,Genevra,Deegan,Genevra.Deegan@yopmail.com,worker
819,Sheree,Abbot,Sheree.Abbot@yopmail.com,doctor
820,Yolane,Flita,Yolane.Flita@yopmail.com,developer
821,Wilma,Santoro,Wilma.Santoro@yopmail.com,worker
822,Larine,Liva,Larine.Liva@yopmail.com,police officer
823,Albertina,Koziara,Albertina.Koziara@yopmail.com,firefighter
824,Merrie,Leonard,Merrie.Leonard@yopmail.com,police officer
825,Briney,Dyche,Briney.Dyche@yopmail.com,firefighter
826,Marguerite,Ajay,Marguerite.Ajay@yopmail.com,firefighter
827,Petronia,Ailyn,Petronia.Ailyn@yopmail.com,doctor
828,Cecile,Munn,Cecile.Munn@yopmail.com,developer
829,Robbi,Bettine,Robbi.Bettine@yopmail.com,developer
830,Leona,Lacombe,Leona.Lacombe@yopmail.com,doctor
831,Melisent,Whittaker,Melisent.Whittaker@yopmail.com,police officer
832,Regina,Reneta,Regina.Reneta@yopmail.com,police officer
833,Lanna,Nore,Lanna.Nore@yopmail.com,doctor
834,Allyce,Allys,Allyce.Allys@yopmail.com,police officer
835,Madelle,Daegal,Madelle.Daegal@yopmail.com,police officer
836,Shell,Randene,Shell.Randene@yopmail.com,police officer
837,Tani,Gower,Tani.Gower@yopmail.com,firefighter
838,Sissy,Tound,Sissy.Tound@yopmail.com,worker
839,Grier,Jefferey,Grier.Jefferey@yopmail.com,developer
840,Sheelagh,Sperling,Sheelagh.Sperling@yopmail.com,doctor
841,Annecorinne,Annabella,Annecorinne.Annabella@yopmail.com,doctor
842,Jolyn,Rebecka,Jolyn.Rebecka@yopmail.com,police officer
843,Mellicent,Maurine,Mellicent.Maurine@yopmail.com,firefighter
844,Gaylene,Lowry,Gaylene.Lowry@yopmail.com,police officer
845,Britni,Donoghue,Britni.Donoghue@yopmail.com,firefighter
846,Flory,Kirbee,Flory.Kirbee@yopmail.com,worker
847,Heida,Saunderson,Heida.Saunderson@yopmail.com,police officer
848,Christian,Maryanne,Christian.Maryanne@yopmail.com,firefighter
849,Katleen,Krystle,Katleen.Krystle@yopmail.com,developer
850,Emmey,Bollay,Emmey.Bollay@yopmail.com,doctor
851,Nicoli,Pacorro,Nicoli.Pacorro@yopmail.com,police officer
852,Yolane,Cath,Yolane.Cath@yopmail.com,worker
853,Hayley,Rebecka,Hayley.Rebecka@yopmail.com,firefighter
854,Cassandra,Crudden,Cassandra.Crudden@yopmail.com,worker
855,Gilda,Kendrick,Gilda.Kendrick@yopmail.com,firefighter
856,Devina,Mitzi,Devina.Mitzi@yopmail.com,firefighter
857,Lusa,Gilbertson,Lusa.Gilbertson@yopmail.com,developer
858,Mathilda,Jorgan,Mathilda.Jorgan@yopmail.com,police officer
859,Carolina,Lia,Carolina.Lia@yopmail.com,police officer
860,Cherrita,Wenoa,Cherrita.Wenoa@yopmail.com,worker
861,Corene,Reneta,Corene.Reneta@yopmail.com,police officer
862,Kerrin,Geffner,Kerrin.Geffner@yopmail.com,doctor
863,Annabela,Neils,Annabela.Neils@yopmail.com,doctor
864,Tatiania,Honoria,Tatiania.Honoria@yopmail.com,firefighter
865,Fina,Grimbly,Fina.Grimbly@yopmail.com,doctor
866,Angelique,Arley,Angelique.Arley@yopmail.com,doctor
867,Georgina,Codding,Georgina.Codding@yopmail.com,firefighter
868,Wileen,Carvey,Wileen.Carvey@yopmail.com,firefighter
869,Ofilia,Schonfeld,Ofilia.Schonfeld@yopmail.com,doctor
870,Betta,Radu,Betta.Radu@yopmail.com,developer
871,Myrtice,Ricarda,Myrtice.Ricarda@yopmail.com,worker
872,Kirbee,Japeth,Kirbee.Japeth@yopmail.com,police officer
873,Quintina,Wildermuth,Quintina.Wildermuth@yopmail.com,doctor
874,Nikki,Egbert,Nikki.Egbert@yopmail.com,firefighter
875,Ezmeralda,Uund,Ezmeralda.Uund@yopmail.com,worker
876,Corly,Chem,Corly.Chem@yopmail.com,doctor
877,Glenda,Hessler,Glenda.Hessler@yopmail.com,police officer
878,Violet,Ranjiv,Violet.Ranjiv@yopmail.com,developer
879,Kittie,Claudine,Kittie.Claudine@yopmail.com,doctor
880,Libbie,Lubin,Libbie.Lubin@yopmail.com,developer
881,Zaria,Liebermann,Zaria.Liebermann@yopmail.com,developer
882,Leanna,Chick,Leanna.Chick@yopmail.com,police officer
883,Kalina,Arquit,Kalina.Arquit@yopmail.com,worker
884,Elise,Vanni,Elise.Vanni@yopmail.com,worker
885,Bernie,Sinegold,Bernie.Sinegold@yopmail.com,worker
886,Belva,Pierette,Belva.Pierette@yopmail.com,doctor
887,Daphne,Vins,Daphne.Vins@yopmail.com,firefighter
888,Pamella,Cottle,Pamella.Cottle@yopmail.com,doctor
889,Lisette,Joni,Lisette.Joni@yopmail.com,police officer
890,Glenda,Yam,Glenda.Yam@yopmail.com,doctor
891,Orsola,Pattin,Orsola.Pattin@yopmail.com,firefighter
892,Lanae,Brodench,Lanae.Brodench@yopmail.com,developer
893,Talya,Latini,Talya.Latini@yopmail.com,firefighter
894,Selma,Horan,Selma.Horan@yopmail.com,police officer
895,Zsa Zsa,Leler,Zsa Zsa.Leler@yopmail.com,developer
896,Roberta,Hartnett,Roberta.Hartnett@yopmail.com,doctor
897,Merry,Beebe,Merry.Beebe@yopmail.com,doctor
898,Fred,Alisia,Fred.Alisia@yopmail.com,developer
899,Sybille,Geffner,Sybille.Geffner@yopmail.com,firefighter
900,Chastity,Claudine,Chastity.Claudine@yopmail.com,firefighter
901,Kore,Durware,Kore.Durware@yopmail.com,firefighter
902,Meg,Gaynor,Meg.Gaynor@yopmail.com,worker
903,Stevana,Suk,Stevana.Suk@yopmail.com,doctor
904,Andree,Lenny,Andree.Lenny@yopmail.com,firefighter
905,Alisha,Bobbee,Alisha.Bobbee@yopmail.com,worker
906,Carilyn,Hubert,Carilyn.Hubert@yopmail.com,worker
907,Maud,Fillbert,Maud.Fillbert@yopmail.com,developer
908,Jinny,Sinegold,Jinny.Sinegold@yopmail.com,police officer
909,Shaylyn,Munn,Shaylyn.Munn@yopmail.com,doctor
910,Lilith,Barrus,Lilith.Barrus@yopmail.com,developer
911,Yvonne,Whittaker,Yvonne.Whittaker@yopmail.com,developer
912,Tierney,Merell,Tierney.Merell@yopmail.com,doctor
913,Starla,Judye,Starla.Judye@yopmail.com,developer
914,Nikki,Lay,Nikki.Lay@yopmail.com,doctor
915,Kalina,Edmund,Kalina.Edmund@yopmail.com,developer
916,Nollie,Salchunas,Nollie.Salchunas@yopmail.com,police officer
917,Olivette,Jacqui,Olivette.Jacqui@yopmail.com,firefighter
918,Cyb,Hathaway,Cyb.Hathaway@yopmail.com,doctor
919,Marinna,Hedve,Marinna.Hedve@yopmail.com,worker
920,Ulrike,Merat,Ulrike.Merat@yopmail.com,police officer
921,Ermengarde,Egbert,Ermengarde.Egbert@yopmail.com,firefighter
922,Fina,Phi,Fina.Phi@yopmail.com,firefighter
923,Raina,Mallon,Raina.Mallon@yopmail.com,police officer
924,Tybie,Marlie,Tybie.Marlie@yopmail.com,developer
925,Korrie,Fadiman,Korrie.Fadiman@yopmail.com,police officer
926,Merry,Zamora,Merry.Zamora@yopmail.com,police officer
927,Rosaline,Candy,Rosaline.Candy@yopmail.com,firefighter
928,Tobe,Lynn,Tobe.Lynn@yopmail.com,developer
929,Jolyn,Matthew,Jolyn.Matthew@yopmail.com,firefighter
930,Margalo,Anis,Margalo.Anis@yopmail.com,police officer
931,Marika,Tremayne,Marika.Tremayne@yopmail.com,doctor
932,Arabel,Saunderson,Arabel.Saunderson@yopmail.com,worker
933,Deane,Connelly,Deane.Connelly@yopmail.com,worker
934,Alia,Alwin,Alia.Alwin@yopmail.com,police officer
935,Josephine,Noman,Josephine.Noman@yopmail.com,developer
936,Patricia,Land,Patricia.Land@yopmail.com,firefighter
937,Cristabel,Seessel,Cristabel.Seessel@yopmail.com,doctor
938,Clementine,Manolo,Clementine.Manolo@yopmail.com,worker
939,Kore,Kaja,Kore.Kaja@yopmail.com,developer
940,Nikki,Delp,Nikki.Delp@yopmail.com,police officer
941,Gabi,Yoko,Gabi.Yoko@yopmail.com,firefighter
942,Netty,Hunfredo,Netty.Hunfredo@yopmail.com,developer
943,Starla,Stefa,Starla.Stefa@yopmail.com,police officer
944,Hope,Reidar,Hope.Reidar@yopmail.com,worker
945,Lyssa,Louanna,Lyssa.Louanna@yopmail.com,doctor
946,Michaelina,Lutero,Michaelina.Lutero@yopmail.com,firefighter
947,Vinita,Flyn,Vinita.Flyn@yopmail.com,doctor
948,June,Linskey,June.Linskey@yopmail.com,developer
949,Sara-Ann,Goth,Sara-Ann.Goth@yopmail.com,worker
950,Rochette,Skell,Rochette.Skell@yopmail.com,worker
951,Abbie,Dowski,Abbie.Dowski@yopmail.com,worker
952,Gusella,Cimbura,Gusella.Cimbura@yopmail.com,doctor
953,Kara-Lynn,Stelle,Kara-Lynn.Stelle@yopmail.com,worker
954,Beth,Baudin,Beth.Baudin@yopmail.com,worker
955,Juliane,Liebermann,Juliane.Liebermann@yopmail.com,police officer
956,Lynnea,Ader,Lynnea.Ader@yopmail.com,doctor
957,Lynnea,Sasnett,Lynnea.Sasnett@yopmail.com,doctor
958,Nananne,Poppy,Nananne.Poppy@yopmail.com,firefighter
959,Mathilda,Mich,Mathilda.Mich@yopmail.com,firefighter
960,Violet,Lynn,Violet.Lynn@yopmail.com,police officer
961,Mary,Love,Mary.Love@yopmail.com,doctor
962,Carilyn,Kaja,Carilyn.Kaja@yopmail.com,worker
963,Valeda,Florina,Valeda.Florina@yopmail.com,police officer
964,Isa,Publia,Isa.Publia@yopmail.com,police officer
965,Minda,Lowry,Minda.Lowry@yopmail.com,firefighter
966,Concettina,Leopold,Concettina.Leopold@yopmail.com,doctor
967,Jsandye,Sparhawk,Jsandye.Sparhawk@yopmail.com,police officer
968,Marjie,Hubert,Marjie.Hubert@yopmail.com,firefighter
969,Jennica,Hazlett,Jennica.Hazlett@yopmail.com,worker
970,Darlleen,Hailee,Darlleen.Hailee@yopmail.com,police officer
971,Modestia,Ellord,Modestia.Ellord@yopmail.com,police officer
972,Peri,Reidar,Peri.Reidar@yopmail.com,firefighter
973,Brandise,Concha,Brandise.Concha@yopmail.com,worker
974,Frieda,Gibbeon,Frieda.Gibbeon@yopmail.com,police officer
975,Emma,Gregrory,Emma.Gregrory@yopmail.com,police officer
976,Myrtice,Bergman,Myrtice.Bergman@yopmail.com,worker
977,Harmonia,Boehike,Harmonia.Boehike@yopmail.com,doctor
978,Amelia,Solitta,Amelia.Solitta@yopmail.com,worker
979,Brianna,Leary,Brianna.Leary@yopmail.com,worker
980,Michaelina,Federica,Michaelina.Federica@yopmail.com,police officer
981,Gaylene,Hoenack,Gaylene.Hoenack@yopmail.com,police officer
982,Lorenza,Hull,Lorenza.Hull@yopmail.com,firefighter
983,Sibella,Plato,Sibella.Plato@yopmail.com,police officer
984,Trudie,Peonir,Trudie.Peonir@yopmail.com,worker
985,Annabela,Cleavland,Annabela.Cleavland@yopmail.com,firefighter
986,Betta,Amand,Betta.Amand@yopmail.com,firefighter
987,Emylee,Ricki,Emylee.Ricki@yopmail.com,firefighter
988,Margarette,Nickola,Margarette.Nickola@yopmail.com,worker
989,Roseline,Aloise,Roseline.Aloise@yopmail.com,firefighter
990,Marleah,Santoro,Marleah.Santoro@yopmail.com,developer
991,Beatriz,Susannah,Beatriz.Susannah@yopmail.com,doctor
992,Livvyy,Shirberg,Livvyy.Shirberg@yopmail.com,doctor
993,Addia,Demitria,Addia.Demitria@yopmail.com,firefighter
994,Marinna,Munn,Marinna.Munn@yopmail.com,firefighter
995,Rayna,Serilda,Rayna.Serilda@yopmail.com,doctor
996,Fred,Adlare,Fred.Adlare@yopmail.com,developer
997,Brena,Rossner,Brena.Rossner@yopmail.com,firefighter
998,Ilse,Hamil,Ilse.Hamil@yopmail.com,firefighter
999,Sonni,Raimondo,Sonni.Raimondo@yopmail.com,developer
1000,Konstance,Maurine,Konstance.Maurine@yopmail.com,police officer
1001,Brianna,Judye,Brianna.Judye@yopmail.com,worker
1002,Eve,Johnsson,Eve.Johnsson@yopmail.com,developer
1003,Arlena,Judye,Arlena.Judye@yopmail.com,worker
1004,Ernesta,Tremayne,Ernesta.Tremayne@yopmail.com,developer
1005,Willetta,Thomasina,Willetta.Thomasina@yopmail.com,police officer
1006,Leontine,Ophelia,Leontine.Ophelia@yopmail.com,worker
1007,Alex,Rustice,Alex.Rustice@yopmail.com,developer
1008,Codie,Phi,Codie.Phi@yopmail.com,doctor
1009,Cherilyn,Telfer,Cherilyn.Telfer@yopmail.com,worker
1010,Kenna,Greenwald,Kenna.Greenwald@yopmail.com,police officer
1011,Karina,Atonsah,Karina.Atonsah@yopmail.com,firefighter
1012,Dianemarie,Edison,Dianemarie.Edison@yopmail.com,police officer
1013,Steffane,Milson,Steffane.Milson@yopmail.com,police officer
1014,Anica,Baudin,Anica.Baudin@yopmail.com,firefighter
1015,Therine,Mandler,Therine.Mandler@yopmail.com,worker
1016,Gertrud,Moseley,Gertrud.Moseley@yopmail.com,doctor
1017,Feliza,Gordon,Feliza.Gordon@yopmail.com,doctor
1018,Letizia,Pelagias,Letizia.Pelagias@yopmail.com,developer
1019,Marti,Clarissa,Marti.Clarissa@yopmail.com,worker
1020,Krystle,Peg,Krystle.Peg@yopmail.com,developer
1021,Orsola,Bultman,Orsola.Bultman@yopmail.com,doctor
1022,Amalie,Read,Amalie.Read@yopmail.com,firefighter
1023,Nickie,Lewes,Nickie.Lewes@yopmail.com,developer
1024,Jerry,Jess,Jerry.Jess@yopmail.com,worker
1025,Jan,Johanna,Jan.Johanna@yopmail.com,police officer
1026,Louella,Daveta,Louella.Daveta@yopmail.com,police officer
1027,Stevana,McGrody,Stevana.McGrody@yopmail.com,firefighter
1028,Lolita,Forrer,Lolita.Forrer@yopmail.com,worker
1029,Averyl,Cyrie,Averyl.Cyrie@yopmail.com,firefighter
1030,Hallie,Gaal,Hallie.Gaal@yopmail.com,worker
1031,Cyndie,Ovid,Cyndie.Ovid@yopmail.com,police officer
1032,Marguerite,Liebermann,Marguerite.Liebermann@yopmail.com,firefighter
1033,Merrie,Raseda,Merrie.Raseda@yopmail.com,worker
1034,Micheline,Seagraves,Micheline.Seagraves@yopmail.com,police officer
1035,Lorenza,Phi,Lorenza.Phi@yopmail.com,police officer
1036,Aaren,Creamer,Aaren.Creamer@yopmail.com,firefighter
1037,Jaclyn,Carlson,Jaclyn.Carlson@yopmail.com,worker
1038,Shell,Ahab,Shell.Ahab@yopmail.com,police officer
1039,Orsola,Eckblad,Orsola.Eckblad@yopmail.com,worker
1040,Betta,Natica,Betta.Natica@yopmail.com,developer
1041,Carree,Brittani,Carree.Brittani@yopmail.com,doctor
1042,Mady,Dielu,Mady.Dielu@yopmail.com,doctor
1043,Merrie,Remmer,Merrie.Remmer@yopmail.com,firefighter
1044,Kimberley,Alejoa,Kimberley.Alejoa@yopmail.com,doctor
1045,Aryn,Raffo,Aryn.Raffo@yopmail.com,worker
1046,Taffy,Jalbert,Taffy.Jalbert@yopmail.com,doctor
1047,Yolane,Adamsen,Yolane.Adamsen@yopmail.com,police officer
1048,Hermione,Lail,Hermione.Lail@yopmail.com,police officer
1049,Amelia,Ilka,Amelia.Ilka@yopmail.com,doctor
1050,Nananne,Joachim,Nananne.Joachim@yopmail.com,police officer
1051,Elka,Tryck,Elka.Tryck@yopmail.com,developer
1052,Elsie,Mozelle,Elsie.Mozelle@yopmail.com,firefighter
1053,Marsiella,Jerald,Marsiella.Jerald@yopmail.com,firefighter
1054,Catharine,Ogren,Catharine.Ogren@yopmail.com,doctor
1055,Lynde,Dreda,Lynde.Dreda@yopmail.com,developer
1056,Gertrud,Stacy,Gertrud.Stacy@yopmail.com,worker
1057,Deedee,Isidore,Deedee.Isidore@yopmail.com,police officer
1058,Tilly,Judye,Tilly.Judye@yopmail.com,doctor
1059,Cherrita,Stav,Cherrita.Stav@yopmail.com,police officer
1060,Emmey,Miru,Emmey.Miru@yopmail.com,doctor
1061,Allis,Harday,Allis.Harday@yopmail.com,firefighter
1062,Althea,Whiffen,Althea.Whiffen@yopmail.com,worker
1063,Danika,Ax,Danika.Ax@yopmail.com,police officer
1064,Iseabal,Israeli,Iseabal.Israeli@yopmail.com,doctor
1065,Gwyneth,Lamoree,Gwyneth.Lamoree@yopmail.com,police officer
1066,Leona,Vorster,Leona.Vorster@yopmail.com,worker
1067,Tarra,Orpah,Tarra.Orpah@yopmail.com,firefighter
1068,Doralynne,Nikaniki,Doralynne.Nikaniki@yopmail.com,worker
1069,Dawn,Nester,Dawn.Nester@yopmail.com,police officer
1070,Melisent,Anselmi,Melisent.Anselmi@yopmail.com,worker
1071,Edee,Lauraine,Edee.Lauraine@yopmail.com,doctor
1072,Kassey,Forrer,Kassey.Forrer@yopmail.com,worker
1073,Marti,Selway,Marti.Selway@yopmail.com,doctor
1074,Rosabelle,Dawkins,Rosabelle.Dawkins@yopmail.com,worker
1075,Talya,Chandler,Talya.Chandler@yopmail.com,developer
1076,Lacie,Gombach,Lacie.Gombach@yopmail.com,firefighter
1077,Laure,Khorma,Laure.Khorma@yopmail.com,developer
1078,Winny,Publia,Winny.Publia@yopmail.com,doctor
1079,Lauryn,Ovid,Lauryn.Ovid@yopmail.com,firefighter
1080,Anallese,Ietta,Anallese.Ietta@yopmail.com,doctor
1081,Elie,Giule,Elie.Giule@yopmail.com,worker
1082,Renae,Stuart,Renae.Stuart@yopmail.com,doctor
1083,Nollie,Alrich,Nollie.Alrich@yopmail.com,developer
1084,Kellen,Kendrick,Kellen.Kendrick@yopmail.com,police officer
1085,Jsandye,Cressida,Jsandye.Cressida@yopmail.com,doctor
1086,Melina,Brady,Melina.Brady@yopmail.com,doctor
1087,Patricia,Odell,Patricia.Odell@yopmail.com,firefighter
1088,Max,Briney,Max.Briney@yopmail.com,firefighter
1089,Regina,Valerio,Regina.Valerio@yopmail.com,doctor
1090,Libbie,Wesle,Libbie.Wesle@yopmail.com,firefighter
1091,Courtnay,Bevin,Courtnay.Bevin@yopmail.com,police officer
1092,Brena,Strephon,Brena.Strephon@yopmail.com,doctor
1093,Lenna,Hermes,Lenna.Hermes@yopmail.com,doctor
1094,Marline,Cimbura,Marline.Cimbura@yopmail.com,worker
1095,Tybie,Sherrie,Tybie.Sherrie@yopmail.com,doctor
1096,Beverley,Dreda,Beverley.Dreda@yopmail.com,doctor
1097,Lindie,Pauly,Lindie.Pauly@yopmail.com,developer
1098,Barbi,Schenck,Barbi.Schenck@yopmail.com,police officer
1099,Hermione,Colp,Hermione.Colp@yopmail.com,worker
1100,Rebeca,Kaete,Rebeca.Kaete@yopmail.com,police officer
1101,Barbara,Byrne,Barbara.Byrne@yopmail.com,police officer
1102,Albertina,Obed,Albertina.Obed@yopmail.com,worker
1103,Kenna,Sprage,Kenna.Sprage@yopmail.com,firefighter
1104,Robinia,Fiester,Robinia.Fiester@yopmail.com,firefighter
1105,Gertrud,Barrus,Gertrud.Barrus@yopmail.com,worker
1106,Beth,Fennessy,Beth.Fennessy@yopmail.com,developer
1107,Taffy,Helfand,Taffy.Helfand@yopmail.com,police officer
1108,Heddie,Rubie,Heddie.Rubie@yopmail.com,firefighter
1109,June,Vins,June.Vins@yopmail.com,police officer
1110,Albertina,Weide,Albertina.Weide@yopmail.com,developer
1111,Rosene,MacIntosh,Rosene.MacIntosh@yopmail.com,developer
1112,Jaclyn,Pelagias,Jaclyn.Pelagias@yopmail.com,police officer
1113,Darci,Hoenack,Darci.Hoenack@yopmail.com,worker
1114,Cecile,Hutchison,Cecile.Hutchison@yopmail.com,worker
1115,Ayn,Mintz,Ayn.Mintz@yopmail.com,firefighter
1116,Chastity,Harned,Chastity.Harned@yopmail.com,doctor
1117,Georgina,Izaak,Georgina.Izaak@yopmail.com,developer
1118,Harmonia,Milson,Harmonia.Milson@yopmail.com,developer
1119,Olivette,Emmy,Olivette.Emmy@yopmail.com,doctor
1120,Sadie,Noman,Sadie.Noman@yopmail.com,doctor
1121,Carol-Jean,Ephrem,Carol-Jean.Ephrem@yopmail.com,developer
1122,Cristabel,Virgin,Cristabel.Virgin@yopmail.com,developer
1123,Dennie,Justinn,Dennie.Justinn@yopmail.com,doctor
1124,Lanae,Infield,Lanae.Infield@yopmail.com,police officer
1125,Lizzie,Noam,Lizzie.Noam@yopmail.com,doctor
1126,Lorne,Chapland,Lorne.Chapland@yopmail.com,developer
1127,Ida,Suanne,Ida.Suanne@yopmail.com,worker
1128,Sadie,Agle,Sadie.Agle@yopmail.com,worker
1129,Cyndie,Bobbee,Cyndie.Bobbee@yopmail.com,worker
1130,Selma,Zenas,Selma.Zenas@yopmail.com,police officer
1131,Nanete,Tybald,Nanete.Tybald@yopmail.com,firefighter
1132,Rosene,Bennie,Rosene.Bennie@yopmail.com,developer
1133,Celisse,Alisia,Celisse.Alisia@yopmail.com,developer
1134,Rosanne,Fink,Rosanne.Fink@yopmail.com,worker
1135,Shel,Ramona,Shel.Ramona@yopmail.com,developer
1136,Brena,Danby,Brena.Danby@yopmail.com,worker
1137,Jennica,Sancho,Jennica.Sancho@yopmail.com,doctor
1138,Stephanie,Claudine,Stephanie.Claudine@yopmail.com,firefighter
1139,Lizzie,Frendel,Lizzie.Frendel@yopmail.com,worker
1140,Ann-Marie,Raychel,Ann-Marie.Raychel@yopmail.com,worker
1141,Maurene,Damarra,Maurene.Damarra@yopmail.com,police officer
1142,Adele,Gahl,Adele.Gahl@yopmail.com,worker
1143,Joy,Chem,Joy.Chem@yopmail.com,firefighter
1144,Chandra,Arquit,Chandra.Arquit@yopmail.com,police officer
1145,Tarra,Hashim,Tarra.Hashim@yopmail.com,worker
1146,Karolina,Iphlgenia,Karolina.Iphlgenia@yopmail.com,developer
1147,Sara-Ann,Donoghue,Sara-Ann.Donoghue@yopmail.com,developer
1148,Eugine,McNully,Eugine.McNully@yopmail.com,doctor
1149,Xylina,Marcellus,Xylina.Marcellus@yopmail.com,police officer
1150,Nita,Irmine,Nita.Irmine@yopmail.com,developer
1151,Jere,Vale,Jere.Vale@yopmail.com,worker
1152,Florencia,Brittani,Florencia.Brittani@yopmail.com,worker
1153,Kaia,Douglass,Kaia.Douglass@yopmail.com,firefighter
1154,Jobi,Shama,Jobi.Shama@yopmail.com,developer
1155,Valera,Hanleigh,Valera.Hanleigh@yopmail.com,firefighter
1156,Gerianna,Tomasina,Gerianna.Tomasina@yopmail.com,police officer
1157,Ellette,Francyne,Ellette.Francyne@yopmail.com,firefighter
1158,Lanae,Lalitta,Lanae.Lalitta@yopmail.com,police officer
1159,Sabina,Sinegold,Sabina.Sinegold@yopmail.com,developer
1160,Kalina,Pillsbury,Kalina.Pillsbury@yopmail.com,developer
1161,Justinn,Rubie,Justinn.Rubie@yopmail.com,developer
1162,Myriam,Giff,Myriam.Giff@yopmail.com,developer
1163,Clementine,Prouty,Clementine.Prouty@yopmail.com,police officer
1164,Angelique,Borrell,Angelique.Borrell@yopmail.com,doctor
1165,Alyssa,Jefferey,Alyssa.Jefferey@yopmail.com,police officer
1166,Myriam,Brotherson,Myriam.Brotherson@yopmail.com,police officer
1167,Cassondra,Bertold,Cassondra.Bertold@yopmail.com,police officer
1168,Imojean,Louanna,Imojean.Louanna@yopmail.com,worker
1169,Alie,Blake,Alie.Blake@yopmail.com,firefighter
1170,Larine,Margret,Larine.Margret@yopmail.com,developer
1171,Jaclyn,Dulciana,Jaclyn.Dulciana@yopmail.com,firefighter
1172,Alia,Percy,Alia.Percy@yopmail.com,police officer
1173,Cristine,Skell,Cristine.Skell@yopmail.com,police officer
1174,Claudina,Tippets,Claudina.Tippets@yopmail.com,firefighter
1175,Steffane,Arvo,Steffane.Arvo@yopmail.com,doctor
1176,Augustine,Darbie,Augustine.Darbie@yopmail.com,developer
1177,Dania,Jehu,Dania.Jehu@yopmail.com,firefighter
1178,Dulce,Ehrman,Dulce.Ehrman@yopmail.com,firefighter
1179,Mildrid,Telfer,Mildrid.Telfer@yopmail.com,firefighter
1180,Angelique,Chobot,Angelique.Chobot@yopmail.com,firefighter
1181,Doro,Tayib,Doro.Tayib@yopmail.com,developer
1182,Tybie,Argus,Tybie.Argus@yopmail.com,worker
1183,Ingrid,Eben,Ingrid.Eben@yopmail.com,developer
1184,Ashlee,Seessel,Ashlee.Seessel@yopmail.com,police officer
1185,Delilah,Chaing,Delilah.Chaing@yopmail.com,firefighter
1186,Ida,Gilmour,Ida.Gilmour@yopmail.com,doctor
1187,Moyna,Zrike,Moyna.Zrike@yopmail.com,developer
1188,Marinna,Moina,Marinna.Moina@yopmail.com,doctor
1189,Lory,Marisa,Lory.Marisa@yopmail.com,developer
1190,Blondelle,Fennessy,Blondelle.Fennessy@yopmail.com,worker
1191,Odessa,Dearborn,Odessa.Dearborn@yopmail.com,firefighter
1192,Clementine,Bartlett,Clementine.Bartlett@yopmail.com,doctor
1193,Tiffie,Howlyn,Tiffie.Howlyn@yopmail.com,worker
1194,Penelopa,Milson,Penelopa.Milson@yopmail.com,firefighter
1195,Frieda,Ciro,Frieda.Ciro@yopmail.com,police officer
1196,Agnese,Seumas,Agnese.Seumas@yopmail.com,developer
1197,Glynnis,Cressida,Glynnis.Cressida@yopmail.com,doctor
1198,Delilah,Bultman,Delilah.Bultman@yopmail.com,developer
1199,Devina,Honoria,Devina.Honoria@yopmail.com,worker
1200,Rhea,Larochelle,Rhea.Larochelle@yopmail.com,doctor
1201,Sabina,Arathorn,Sabina.Arathorn@yopmail.com,worker
1202,Olwen,Krystle,Olwen.Krystle@yopmail.com,police officer
1203,Philis,Abernon,Philis.Abernon@yopmail.com,firefighter
1204,Calla,Ursulette,Calla.Ursulette@yopmail.com,police officer
1205,Odessa,Borrell,Odessa.Borrell@yopmail.com,doctor
1206,Carly,Horan,Carly.Horan@yopmail.com,police officer
1207,Jemie,Nunci,Jemie.Nunci@yopmail.com,doctor
1208,Ingrid,Loeb,Ingrid.Loeb@yopmail.com,worker
1209,June,Schalles,June.Schalles@yopmail.com,firefighter
1210,Barbi,Pascia,Barbi.Pascia@yopmail.com,firefighter
1211,Marline,Lunsford,Marline.Lunsford@yopmail.com,police officer
1212,Babita,Hachmin,Babita.Hachmin@yopmail.com,firefighter
1213,Fanchon,Socha,Fanchon.Socha@yopmail.com,developer
1214,Emylee,Mott,Emylee.Mott@yopmail.com,worker
1215,Anestassia,Monaco,Anestassia.Monaco@yopmail.com,doctor
1216,Patricia,Beniamino,Patricia.Beniamino@yopmail.com,developer
1217,Janis,Hachmin,Janis.Hachmin@yopmail.com,developer
1218,Estell,Linehan,Estell.Linehan@yopmail.com,doctor
1219,Jean,Macey,Jean.Macey@yopmail.com,firefighter
1220,Drucie,Hanleigh,Drucie.Hanleigh@yopmail.com,worker
1221,Leanna,Ingra,Leanna.Ingra@yopmail.com,firefighter
1222,Atlanta,Weaks,Atlanta.Weaks@yopmail.com,firefighter
1223,Lita,Ovid,Lita.Ovid@yopmail.com,police officer
1224,Annora,Hewitt,Annora.Hewitt@yopmail.com,firefighter
1225,Ofilia,Cleo,Ofilia.Cleo@yopmail.com,police officer
1226,Lucy,Jehu,Lucy.Jehu@yopmail.com,developer
1227,Tilly,Maroney,Tilly.Maroney@yopmail.com,developer
1228,Eadie,Swanhildas,Eadie.Swanhildas@yopmail.com,developer
1229,Beatriz,Land,Beatriz.Land@yopmail.com,police officer
1230,Ida,Grosz,Ida.Grosz@yopmail.com,worker
1231,Carlie,Harday,Carlie.Harday@yopmail.com,developer
1232,Tybie,Gwenore,Tybie.Gwenore@yopmail.com,worker
1233,Cassondra,Frodi,Cassondra.Frodi@yopmail.com,firefighter
1234,Ivett,Timon,Ivett.Timon@yopmail.com,worker
1235,Ellette,Natica,Ellette.Natica@yopmail.com,firefighter
1236,Hannis,Bury,Hannis.Bury@yopmail.com,doctor
1237,Mellicent,Waldron,Mellicent.Waldron@yopmail.com,doctor
1238,Annice,Annabella,Annice.Annabella@yopmail.com,developer
1239,Allyce,Chobot,Allyce.Chobot@yopmail.com,firefighter
1240,Kassey,Zeeba,Kassey.Zeeba@yopmail.com,developer
1241,Steffane,Alva,Steffane.Alva@yopmail.com,worker
1242,Alexine,Leler,Alexine.Leler@yopmail.com,developer
1243,Ardys,Moseley,Ardys.Moseley@yopmail.com,developer
1244,Feliza,O'Rourke,Feliza.O'Rourke@yopmail.com,doctor
1245,Edyth,Lilybelle,Edyth.Lilybelle@yopmail.com,firefighter
1246,Xylina,Burch,Xylina.Burch@yopmail.com,developer
1247,Charissa,Connelly,Charissa.Connelly@yopmail.com,firefighter
1248,Orelia,Leonard,Orelia.Leonard@yopmail.com,developer
1249,Sue,Mayeda,Sue.Mayeda@yopmail.com,firefighter
1250,Daphne,Teddman,Daphne.Teddman@yopmail.com,police officer
1251,Louella,Drus,Louella.Drus@yopmail.com,police officer
1252,Anica,Pacorro,Anica.Pacorro@yopmail.com,doctor
1253,Annora,Brian,Annora.Brian@yopmail.com,firefighter
1254,Helsa,Kermit,Helsa.Kermit@yopmail.com,firefighter
1255,Andree,Voletta,Andree.Voletta@yopmail.com,doctor
1256,Marita,Eldrid,Marita.Eldrid@yopmail.com,developer
1257,Patricia,Gregrory,Patricia.Gregrory@yopmail.com,police officer
1258,Joleen,Amasa,Joleen.Amasa@yopmail.com,worker
1259,Merci,Goth,Merci.Goth@yopmail.com,firefighter
1260,Augustine,Ciro,Augustine.Ciro@yopmail.com,firefighter
1261,Cristabel,Lane,Cristabel.Lane@yopmail.com,developer
1262,Ariela,Felecia,Ariela.Felecia@yopmail.com,police officer
1263,Myrtice,Shuler,Myrtice.Shuler@yopmail.com,doctor
1264,Leeanne,Gilmour,Leeanne.Gilmour@yopmail.com,doctor
1265,Aryn,Norvol,Aryn.Norvol@yopmail.com,doctor
1266,Cathyleen,Claudine,Cathyleen.Claudine@yopmail.com,doctor
1267,Di,Grimbly,Di.Grimbly@yopmail.com,worker
1268,Sean,Germann,Sean.Germann@yopmail.com,developer
1269,Brandise,Vale,Brandise.Vale@yopmail.com,firefighter
1270,Amii,Maurine,Amii.Maurine@yopmail.com,developer
1271,Kimmy,Sawtelle,Kimmy.Sawtelle@yopmail.com,doctor
1272,Demetris,Roxanna,Demetris.Roxanna@yopmail.com,developer
1273,Kimberley,Fink,Kimberley.Fink@yopmail.com,doctor
1274,Natka,Truc,Natka.Truc@yopmail.com,doctor
1275,Celene,Papageno,Celene.Papageno@yopmail.com,worker
1276,Viki,Standing,Viki.Standing@yopmail.com,firefighter
1277,Glenda,Redmond,Glenda.Redmond@yopmail.com,firefighter
1278,Lorie,Syd,Lorie.Syd@yopmail.com,firefighter
1279,Kathy,Ehrman,Kathy.Ehrman@yopmail.com,doctor
1280,Elsie,Robertson,Elsie.Robertson@yopmail.com,developer
1281,Sharai,Pelagias,Sharai.Pelagias@yopmail.com,developer
1282,Agnese,Mallon,Agnese.Mallon@yopmail.com,firefighter
1283,Roslyn,Sperling,Roslyn.Sperling@yopmail.com,firefighter
1284,Dorene,Rheingold,Dorene.Rheingold@yopmail.com,police officer
1285,Robinia,Cleavland,Robinia.Cleavland@yopmail.com,developer
1286,Delilah,Alva,Delilah.Alva@yopmail.com,firefighter
1287,Ricky,Jena,Ricky.Jena@yopmail.com,firefighter
1288,Regina,Dorine,Regina.Dorine@yopmail.com,firefighter
1289,Candy,Ventre,Candy.Ventre@yopmail.com,doctor
1290,Trudie,Barbey,Trudie.Barbey@yopmail.com,police officer
1291,Sherrie,Mendez,Sherrie.Mendez@yopmail.com,police officer
1292,Lesly,Bigner,Lesly.Bigner@yopmail.com,police officer
1293,Caressa,Edmund,Caressa.Edmund@yopmail.com,firefighter
1294,Lexine,Pettiford,Lexine.Pettiford@yopmail.com,worker
1295,Esmeralda,Drus,Esmeralda.Drus@yopmail.com,worker
1296,Christal,Phi,Christal.Phi@yopmail.com,worker
1297,Morganica,Quent,Morganica.Quent@yopmail.com,worker
1298,Jaime,Seligman,Jaime.Seligman@yopmail.com,worker
1299,Susan,Eliathas,Susan.Eliathas@yopmail.com,worker
1300,Lorne,Wareing,Lorne.Wareing@yopmail.com,doctor
1301,Gui,Penelopa,Gui.Penelopa@yopmail.com,worker
1302,Leona,Lea,Leona.Lea@yopmail.com,doctor
1303,Zondra,Bashemeth,Zondra.Bashemeth@yopmail.com,doctor
1304,Krystle,Alexandr,Krystle.Alexandr@yopmail.com,doctor
1305,Christal,Burnside,Christal.Burnside@yopmail.com,developer
1306,Karly,Ophelia,Karly.Ophelia@yopmail.com,worker
1307,Philis,Beebe,Philis.Beebe@yopmail.com,police officer
1308,Sara-Ann,Deegan,Sara-Ann.Deegan@yopmail.com,firefighter
1309,Hyacinthe,O'Neill,Hyacinthe.O'Neill@yopmail.com,firefighter
1310,Alejandra,Thema,Alejandra.Thema@yopmail.com,doctor
1311,Kylynn,Irmine,Kylynn.Irmine@yopmail.com,police officer
1312,Aurore,Yorick,Aurore.Yorick@yopmail.com,firefighter
1313,Pearline,Borrell,Pearline.Borrell@yopmail.com,developer
1314,Genovera,Huggins,Genovera.Huggins@yopmail.com,worker
1315,Gavrielle,Dominy,Gavrielle.Dominy@yopmail.com,police officer
1316,Sophia,Jehu,Sophia.Jehu@yopmail.com,police officer
1317,Kylynn,Roche,Kylynn.Roche@yopmail.com,worker
1318,Ursulina,Kolnick,Ursulina.Kolnick@yopmail.com,worker
1319,Ana,Thema,Ana.Thema@yopmail.com,doctor
1320,Daphne,Trace,Daphne.Trace@yopmail.com,worker
1321,Pierette,Kelula,Pierette.Kelula@yopmail.com,doctor
1322,Lesly,Raychel,Lesly.Raychel@yopmail.com,police officer
1323,Morganica,Garek,Morganica.Garek@yopmail.com,worker
1324,Goldie,Salchunas,Goldie.Salchunas@yopmail.com,developer
1325,Britni,Chesna,Britni.Chesna@yopmail.com,worker
1326,Alyssa,Joli,Alyssa.Joli@yopmail.com,police officer
1327,Aigneis,Kolnick,Aigneis.Kolnick@yopmail.com,police officer
1328,Rosaline,Bohlin,Rosaline.Bohlin@yopmail.com,worker
1329,Heddie,Jehu,Heddie.Jehu@yopmail.com,worker
1330,Fawne,Angelis,Fawne.Angelis@yopmail.com,developer
1331,Zondra,Fink,Zondra.Fink@yopmail.com,firefighter
1332,Althea,Nicoline,Althea.Nicoline@yopmail.com,doctor
1333,Jolyn,Bord,Jolyn.Bord@yopmail.com,doctor
1334,Ulrike,Terrence,Ulrike.Terrence@yopmail.com,firefighter
1335,Catrina,Skell,Catrina.Skell@yopmail.com,worker
1336,Kayla,Brotherson,Kayla.Brotherson@yopmail.com,police officer
1337,Leona,Borrell,Leona.Borrell@yopmail.com,firefighter
1338,Kenna,Georas,Kenna.Georas@yopmail.com,firefighter
1339,Judy,Corilla,Judy.Corilla@yopmail.com,police officer
1340,Lanae,Dimitris,Lanae.Dimitris@yopmail.com,doctor
1341,Melanie,Barrus,Melanie.Barrus@yopmail.com,developer
1342,Ana,Hirsch,Ana.Hirsch@yopmail.com,developer
1343,Valera,Bertold,Valera.Bertold@yopmail.com,doctor
1344,Hayley,Kazimir,Hayley.Kazimir@yopmail.com,police officer
1345,Hyacinthe,Drisko,Hyacinthe.Drisko@yopmail.com,worker
1346,Clo,Beebe,Clo.Beebe@yopmail.com,police officer
1347,Britni,Alcott,Britni.Alcott@yopmail.com,police officer
1348,Alejandra,Dulciana,Alejandra.Dulciana@yopmail.com,firefighter
1349,Tatiania,Karylin,Tatiania.Karylin@yopmail.com,police officer
1350,Helsa,Dowski,Helsa.Dowski@yopmail.com,worker
1351,Bobinette,Deny,Bobinette.Deny@yopmail.com,police officer
1352,Ericka,Burnside,Ericka.Burnside@yopmail.com,doctor
1353,Chickie,Allina,Chickie.Allina@yopmail.com,police officer
1354,Deloria,Casimir,Deloria.Casimir@yopmail.com,police officer
1355,Joelly,Gavrila,Joelly.Gavrila@yopmail.com,doctor
1356,Rochette,Whittaker,Rochette.Whittaker@yopmail.com,developer
1357,Christian,Christine,Christian.Christine@yopmail.com,doctor
1358,Ulrike,Natalia,Ulrike.Natalia@yopmail.com,doctor
1359,Juliane,Johnsson,Juliane.Johnsson@yopmail.com,doctor
1360,Cherrita,Frodi,Cherrita.Frodi@yopmail.com,firefighter
1361,Lorie,Cullin,Lorie.Cullin@yopmail.com,doctor
1362,Angelique,Reneta,Angelique.Reneta@yopmail.com,worker
1363,Kerrin,Zuzana,Kerrin.Zuzana@yopmail.com,worker
1364,Lynea,Hailee,Lynea.Hailee@yopmail.com,police officer
1365,Cacilie,Friede,Cacilie.Friede@yopmail.com,police officer
1366,Jenilee,Daniele,Jenilee.Daniele@yopmail.com,doctor
1367,Lorne,Khorma,Lorne.Khorma@yopmail.com,firefighter
1368,Carilyn,Friede,Carilyn.Friede@yopmail.com,worker
1369,Hyacinthe,An,Hyacinthe.An@yopmail.com,police officer
1370,Rosene,Zuzana,Rosene.Zuzana@yopmail.com,police officer
1371,Kara-Lynn,Thad,Kara-Lynn.Thad@yopmail.com,police officer
1372,Gianina,Firmin,Gianina.Firmin@yopmail.com,doctor
1373,Agnese,Sasnett,Agnese.Sasnett@yopmail.com,firefighter
1374,Tarra,Shama,Tarra.Shama@yopmail.com,doctor
1375,Mallory,Bahr,Mallory.Bahr@yopmail.com,doctor
1376,Fayre,Adrienne,Fayre.Adrienne@yopmail.com,police officer
1377,Meg,Concha,Meg.Concha@yopmail.com,police officer
1378,Desirae,Narton,Desirae.Narton@yopmail.com,doctor
1379,Correy,Screens,Correy.Screens@yopmail.com,police officer
1380,Georgetta,Freddi,Georgetta.Freddi@yopmail.com,worker
1381,Kimberley,Goddard,Kimberley.Goddard@yopmail.com,police officer
1382,Corry,Payson,Corry.Payson@yopmail.com,doctor
1383,Donetta,Levey,Donetta.Levey@yopmail.com,developer
1384,Sam,Giff,Sam.Giff@yopmail.com,doctor
1385,Krystle,Dex,Krystle.Dex@yopmail.com,developer
1386,Gilligan,Christal,Gilligan.Christal@yopmail.com,developer
1387,Janis,Bennie,Janis.Bennie@yopmail.com,developer
1388,Feliza,Glovsky,Feliza.Glovsky@yopmail.com,police officer
1389,Tonia,Louanna,Tonia.Louanna@yopmail.com,doctor
1390,Stephanie,Grosz,Stephanie.Grosz@yopmail.com,firefighter
1391,Kristan,Francyne,Kristan.Francyne@yopmail.com,worker
1392,Melanie,Baptlsta,Melanie.Baptlsta@yopmail.com,doctor
1393,Alyssa,Jehu,Alyssa.Jehu@yopmail.com,police officer
1394,Carly,Pond,Carly.Pond@yopmail.com,police officer
1395,Amara,Anastatius,Amara.Anastatius@yopmail.com,worker
1396,Melisent,Dalli,Melisent.Dalli@yopmail.com,developer
1397,Kenna,Amasa,Kenna.Amasa@yopmail.com,police officer
1398,Dagmar,Leopold,Dagmar.Leopold@yopmail.com,police officer
1399,Halette,Erlandson,Halette.Erlandson@yopmail.com,worker
1400,Evita,Ajay,Evita.Ajay@yopmail.com,developer
1401,Augustine,Kinnard,Augustine.Kinnard@yopmail.com,police officer
1402,Hermione,Hazlett,Hermione.Hazlett@yopmail.com,doctor
1403,Helsa,Anastatius,Helsa.Anastatius@yopmail.com,doctor
1404,Evita,Peonir,Evita.Peonir@yopmail.com,police officer
1405,Alleen,Belldas,Alleen.Belldas@yopmail.com,firefighter
1406,Jemie,Jacobah,Jemie.Jacobah@yopmail.com,worker
1407,Almeta,Old,Almeta.Old@yopmail.com,doctor
1408,Rosanne,Tayib,Rosanne.Tayib@yopmail.com,developer
1409,Shel,Joni,Shel.Joni@yopmail.com,doctor
1410,Leanna,Strephon,Leanna.Strephon@yopmail.com,firefighter
1411,Jsandye,Leffen,Jsandye.Leffen@yopmail.com,firefighter
1412,Dotty,Hedve,Dotty.Hedve@yopmail.com,police officer
1413,Madalyn,Chapland,Madalyn.Chapland@yopmail.com,developer
1414,Evita,Belldas,Evita.Belldas@yopmail.com,firefighter
1415,Carmela,Salvidor,Carmela.Salvidor@yopmail.com,doctor
1416,Ofilia,Ortrude,Ofilia.Ortrude@yopmail.com,doctor
1417,Starla,Dichy,Starla.Dichy@yopmail.com,developer
1418,Fawne,Peg,Fawne.Peg@yopmail.com,worker
1419,Paulita,Mitzi,Paulita.Mitzi@yopmail.com,developer
1420,Moyna,Kronfeld,Moyna.Kronfeld@yopmail.com,police officer
1421,Jenda,Leary,Jenda.Leary@yopmail.com,developer
1422,Lilith,Chaing,Lilith.Chaing@yopmail.com,developer
1423,Tracey,Adore,Tracey.Adore@yopmail.com,doctor
1424,Kristina,Zamora,Kristina.Zamora@yopmail.com,doctor
1425,Jaime,Neils,Jaime.Neils@yopmail.com,developer
1426,Darci,Suanne,Darci.Suanne@yopmail.com,worker
1427,Chrystel,Giule,Chrystel.Giule@yopmail.com,police officer
1428,Rosanne,Pip,Rosanne.Pip@yopmail.com,developer
1429,Genevra,Gilbertson,Genevra.Gilbertson@yopmail.com,police officer
1430,Norine,Publia,Norine.Publia@yopmail.com,firefighter
1431,Meghann,Seligman,Meghann.Seligman@yopmail.com,doctor
1432,Hayley,Leonard,Hayley.Leonard@yopmail.com,firefighter
1433,Maryellen,Bari,Maryellen.Bari@yopmail.com,doctor
1434,Rosene,Kylander,Rosene.Kylander@yopmail.com,doctor
1435,Adore,Forrer,Adore.Forrer@yopmail.com,firefighter
1436,Raina,Chandler,Raina.Chandler@yopmail.com,firefighter
1437,Kerrin,Yuille,Kerrin.Yuille@yopmail.com,doctor
1438,Brana,Uund,Brana.Uund@yopmail.com,doctor
1439,Blondelle,Stoller,Blondelle.Stoller@yopmail.com,developer
1440,Ofilia,Idelia,Ofilia.Idelia@yopmail.com,doctor
1441,Roz,Alice,Roz.Alice@yopmail.com,developer
1442,Frances,Morehouse,Frances.Morehouse@yopmail.com,doctor
1443,Keelia,Chinua,Keelia.Chinua@yopmail.com,doctor
1444,Zia,Hebner,Zia.Hebner@yopmail.com,police officer
1445,Wanda,Atcliffe,Wanda.Atcliffe@yopmail.com,developer
1446,Ardys,Pulsifer,Ardys.Pulsifer@yopmail.com,doctor
1447,Fayre,Shields,Fayre.Shields@yopmail.com,firefighter
1448,Meghann,Taam,Meghann.Taam@yopmail.com,developer
1449,Leeanne,Bonilla,Leeanne.Bonilla@yopmail.com,doctor
1450,Violet,Dichy,Violet.Dichy@yopmail.com,worker
1451,Florencia,Yorick,Florencia.Yorick@yopmail.com,doctor
1452,Petronia,Dawkins,Petronia.Dawkins@yopmail.com,firefighter
1453,Mara,Uund,Mara.Uund@yopmail.com,firefighter
1454,Marcelline,Autrey,Marcelline.Autrey@yopmail.com,worker
1455,Aili,Swigart,Aili.Swigart@yopmail.com,police officer
1456,Chickie,Kinnard,Chickie.Kinnard@yopmail.com,firefighter
1457,Allis,Rooney,Allis.Rooney@yopmail.com,developer
1458,Regina,Clie,Regina.Clie@yopmail.com,developer
1459,Isa,Anderea,Isa.Anderea@yopmail.com,police officer
1460,Kenna,Sothena,Kenna.Sothena@yopmail.com,developer
1461,Donnie,Weitman,Donnie.Weitman@yopmail.com,firefighter
1462,Robinia,Santoro,Robinia.Santoro@yopmail.com,worker
1463,Christal,Dearborn,Christal.Dearborn@yopmail.com,worker
1464,Maurene,Olin,Maurene.Olin@yopmail.com,developer
1465,Fredericka,Laurianne,Fredericka.Laurianne@yopmail.com,doctor
1466,Gui,Bultman,Gui.Bultman@yopmail.com,doctor
1467,Margarette,Cecile,Margarette.Cecile@yopmail.com,doctor
1468,Lorenza,Salchunas,Lorenza.Salchunas@yopmail.com,doctor
1469,Candi,Bakerman,Candi.Bakerman@yopmail.com,firefighter
1470,Gisela,Prouty,Gisela.Prouty@yopmail.com,doctor
1471,Marylou,Allare,Marylou.Allare@yopmail.com,worker
1472,Misha,Pernick,Misha.Pernick@yopmail.com,police officer
1473,Wileen,Brunell,Wileen.Brunell@yopmail.com,worker
1474,Linet,Freddi,Linet.Freddi@yopmail.com,worker
1475,Jere,Chesna,Jere.Chesna@yopmail.com,worker
1476,Florencia,Rodmann,Florencia.Rodmann@yopmail.com,police officer
1477,Starla,Boycey,Starla.Boycey@yopmail.com,worker
1478,Katleen,Daveta,Katleen.Daveta@yopmail.com,developer
1479,Cindelyn,Colyer,Cindelyn.Colyer@yopmail.com,doctor
1480,Chandra,Harriman,Chandra.Harriman@yopmail.com,doctor
1481,Rubie,Fredi,Rubie.Fredi@yopmail.com,developer
1482,Cathie,Demitria,Cathie.Demitria@yopmail.com,developer
1483,Ulrike,O'Neill,Ulrike.O'Neill@yopmail.com,worker
1484,Daphne,Bethany,Daphne.Bethany@yopmail.com,developer
1485,Shannah,Caitlin,Shannah.Caitlin@yopmail.com,worker
1486,Merci,Atonsah,Merci.Atonsah@yopmail.com,police officer
1487,Bill,Shama,Bill.Shama@yopmail.com,developer
1488,Flory,Autrey,Flory.Autrey@yopmail.com,developer
1489,Rosaline,Palocz,Rosaline.Palocz@yopmail.com,police officer
1490,Heddie,Rogerio,Heddie.Rogerio@yopmail.com,firefighter
1491,Emmey,Kazimir,Emmey.Kazimir@yopmail.com,doctor
1492,Karly,Sibyls,Karly.Sibyls@yopmail.com,firefighter
1493,Annaliese,Lutero,Annaliese.Lutero@yopmail.com,doctor
1494,Viviene,Daveta,Viviene.Daveta@yopmail.com,police officer
1495,Melina,Alexandr,Melina.Alexandr@yopmail.com,police officer
1496,Nelle,Ardra,Nelle.Ardra@yopmail.com,developer
1497,Philis,Vary,Philis.Vary@yopmail.com,worker
1498,Vere,Stelle,Vere.Stelle@yopmail.com,developer
1499,Lizzie,Travax,Lizzie.Travax@yopmail.com,developer
