id,firstname,lastname,salary
100,Jolyn,Cleavland,21335
101,Shaylyn,Kirstin,33227
102,Dyann,Engdahl,26550
103,Carmencita,Khorma,29738
104,Gerrie,Dorine,24350
105,Gerianna,Larochelle,49591
106,Misha,Isacco,32955
107,Ashlee,Vastah,21243
108,Lesly,Nedrud,28687
109,Tatiania,Old,29660
110,Courtnay,Margarete,22775
111,Celene,Sigfrid,31203
112,Althea,Penelopa,40782
113,Eugine,Poppy,42929
114,Codie,Klotz,29758
115,Trixi,Zitvaa,47374
116,Britte,Bohlin,38528
117,Jinny,Fillbert,48369
118,Wynne,Fairweather,34472
119,Karolina,Zamora,39945
120,Priscilla,Si,33936
121,Jerry,Federica,22515
122,Leontine,Bartlett,33482
123,Sam,Sammons,35208
124,Chastity,Gower,44617
125,Debee,Lareena,36814
126,Latisha,Kristi,21179
127,Kirbee,Braun,42443
128,Willetta,Kevon,20230
129,Randa,Kolnick,27432
130,Eolanda,Riva,36945
131,Moyna,Geffner,33482
132,Odessa,Warthman,29546
133,Cam,Reinke,29093
134,Farrah,Dichy,35131
135,Ketti,Carolin,32817
136,Maurene,Rosemary,21730
137,Tori,Tarrant,26596
138,Queenie,Poppy,43073
139,Corina,Fink,24479
140,Charmaine,Yuille,20978
141,Chastity,Bultman,40531
142,Lonnie,Stav,46126
143,Jany,Muriel,49198
144,Nananne,Mintz,21200
145,Esmeralda,Zrike,39780
146,June,Means,45147
147,Dulcinea,Cordi,26788
148,Hayley,Gerge,39868
149,Florencia,Joachim,35081
150,Jemie,Stilwell,44169
151,Meghann,Bouchard,29372
152,Edee,Bibi,23236
153,Joy,Docilla,42936
154,Ronna,Gino,28911
155,Hayley,Henebry,45489
156,Hannis,Sallyann,47751
157,Lynnea,Garlinda,38090
158,Joeann,Junie,43564
159,Ottilie,Brittani,23512
160,Dulcinea,Uird,43240
161,Leeanne,Sikorski,22780
162,Josephine,Thornburg,41308
163,Ileana,Minetta,48160
164,Joleen,Cohdwell,23893
165,Deedee,Screens,39878
166,Winifred,Jehu,40564
167,Marcy,Thilda,48917
168,Valera,Kylander,31214
169,Aurore,Gahl,45509
170,Stevana,Jotham,41650
171,Devina,Stover,32634
172,Shannah,Azeria,38727
173,Chastity,Madelene,36769
174,Dawn,Pacorro,25114
175,Doralynne,Oster,46956
176,Clarice,Trinetta,44880
177,Cyb,Frodi,39312
178,Alie,Marlie,37596
179,Kalina,Shirberg,37657
180,Felice,Abernon,26537
181,Adriana,Kaete,43028
182,Mireielle,Revkah,46534
183,Philis,Talia,28782
184,Kirbee,Joseph,21361
185,Roxane,Gamaliel,27434
186,Merle,Celestine,21183
187,Madelle,Pauly,40717
188,Lorne,Germann,39510
189,Linet,Nadia,35104
190,Aryn,Eckblad,29626
191,Zia,Carmena,49396
192,Emylee,Gamaliel,26858
193,Ginnie,Schenck,27327
194,Darlleen,Olin,33893
195,Stacey,Pierette,45279
196,Leona,Shields,39228
197,Raf,Monaco,40859
198,Dorothy,Ezar,31961
199,Tersina,Ammann,25647
